text,subreddit,original_subreddit,score,title
Hackers Clown Trump Education Secretary With ‘Curb Your Enthusiasm’ Music and ‘Corrupt Billionaire’ Heckles,technology,technology,16218,Hackers Clown Trump Education Secretary With ‘Curb Your Enthusiasm’ Music and ‘Corrupt Billionaire’ Heckles
Apple CEO Tim Cook bends the knee to Donald Trump with a golden gift & $100 billion pledge,technology,technology,8145,Apple CEO Tim Cook bends the knee to Donald Trump with a golden gift & $100 billion pledge
Senators are trying to force ISPs to block all foreign pirate sites,technology,technology,2103,Senators are trying to force ISPs to block all foreign pirate sites
A CBP Agent Wore Meta Smart Glasses to an Immigration Raid in Los Angeles,technology,technology,1451,A CBP Agent Wore Meta Smart Glasses to an Immigration Raid in Los Angeles
Trump moves to end NASA missions measuring carbon dioxide and plant health,technology,technology,1086,Trump moves to end NASA missions measuring carbon dioxide and plant health
Politically hot parts of US Constitution briefly deleted thanks to 'coding error',technology,technology,804,Politically hot parts of US Constitution briefly deleted thanks to 'coding error'
Goldman Sachs economist warns Gen Z tech workers are first on the chopping block as AI shows signs of shaking up the labor market,technology,technology,677,Goldman Sachs economist warns Gen Z tech workers are first on the chopping block as AI shows signs of shaking up the labor market
Trump calls on Intel CEO to resign,technology,technology,4368,Trump calls on Intel CEO to resign
"Chris Cuomo Fell for an AI Video Labeled ""100% Fake"" and It Gets Worse From There",technology,technology,549,"Chris Cuomo Fell for an AI Video Labeled ""100% Fake"" and It Gets Worse From There"
"Apple made a 24k gold and glass statue for Donald Trump.  At a White House press conference to discuss Apple’s new US manufacturing plans, CEO Tim Cook presented a gift to President Donald Trump: a “unique” piece of glass from iPhone glass manufacturer Corning that’s set in a 24-karat gold base.",technology,technology,24976,"Apple made a 24k gold and glass statue for Donald Trump.  At a White House press conference to discuss Apple’s new US manufacturing plans, CEO Tim Cook presented a gift to President Donald Trump: a “unique” piece of glass from iPhone glass manufacturer Corning that’s set in a 24-karat gold base."
FDA approves breakthrough eye drops that fix near vision without glasses,technology,technology,5239,FDA approves breakthrough eye drops that fix near vision without glasses
"FCC Democrat: Trump admin is declaring “Mission Accomplished” on broadband | FCC studies broadband ""with one eye closed and the other half-open,"" Democrat says.",technology,technology,464,"FCC Democrat: Trump admin is declaring “Mission Accomplished” on broadband | FCC studies broadband ""with one eye closed and the other half-open,"" Democrat says."
US military finds a good use for Tesla Cybertruck: missile target practice,technology,technology,719,US military finds a good use for Tesla Cybertruck: missile target practice
Intel shares drop after Trump calls for CEO to resign immediately,technology,technology,1864,Intel shares drop after Trump calls for CEO to resign immediately
AI is gutting workforces—and an ex-Google exec says CEOs are too busy ‘celebrating’ their efficiency gains to see they’re next,technology,technology,2528,AI is gutting workforces—and an ex-Google exec says CEOs are too busy ‘celebrating’ their efficiency gains to see they’re next
Microsoft is cautiously onboarding Grok 4 following Hitler concerns,technology,technology,625,Microsoft is cautiously onboarding Grok 4 following Hitler concerns
California jury rules Meta violated privacy law in case involving period-tracking app,technology,technology,317,California jury rules Meta violated privacy law in case involving period-tracking app
Trump Is Launching an AI Search Engine Powered by Perplexity | America’s scandalous president is teaming up with its most disreputable AI company to make a search engine.,technology,technology,1200,Trump Is Launching an AI Search Engine Powered by Perplexity | America’s scandalous president is teaming up with its most disreputable AI company to make a search engine.
James Cameron warns of ‘Terminator-style apocalypse’ if AI weaponised,technology,technology,613,James Cameron warns of ‘Terminator-style apocalypse’ if AI weaponised
The backlash against Duolingo going ‘AI-first’ didn’t even matter,technology,technology,122,The backlash against Duolingo going ‘AI-first’ didn’t even matter
US Air Force Plans To Use Tesla Cybertrucks for Missile Target Practice,technology,technology,408,US Air Force Plans To Use Tesla Cybertrucks for Missile Target Practice
ChatGPT psychosis? This scientist predicted AI-induced delusions — two years later it appears he was right,technology,technology,497,ChatGPT psychosis? This scientist predicted AI-induced delusions — two years later it appears he was right
Coding error blamed after parts of Constitution disappear from US website | US restores deleted portions after people noticed the Constitution had shrunk,technology,technology,8908,Coding error blamed after parts of Constitution disappear from US website | US restores deleted portions after people noticed the Constitution had shrunk
Truth Social’s new AI search engine basically just pushes Fox News﻿ / The Perplexity-powered ‘Truth Search AI’ tool appears to selectively source from conservative media.,technology,technology,532,Truth Social’s new AI search engine basically just pushes Fox News﻿ / The Perplexity-powered ‘Truth Search AI’ tool appears to selectively source from conservative media.
Google says it's working on a fix for Gemini's self-loathing 'I am a failure' comments,technology,technology,62,Google says it's working on a fix for Gemini's self-loathing 'I am a failure' comments
Meet the 24-year-old Ottawa software engineer who runs a MAGA bot,technology,technology,3452,Meet the 24-year-old Ottawa software engineer who runs a MAGA bot
TikTok has tons of mental health content. A Montreal study says much of it could be misleading,technology,technology,260,TikTok has tons of mental health content. A Montreal study says much of it could be misleading
Govt. Website ‘Glitch’ Removes Trump’s Least Favorite Part of Constitution,technology,technology,42889,Govt. Website ‘Glitch’ Removes Trump’s Least Favorite Part of Constitution
"""We Answer To Nobody But You, The Audience"" - Digital Foundry Is Now Fully Independent | Richard Leadbetter's tech channel has separated from IGN owner Ziff Davis",technology,technology,31,"""We Answer To Nobody But You, The Audience"" - Digital Foundry Is Now Fully Independent | Richard Leadbetter's tech channel has separated from IGN owner Ziff Davis"
"Uber received 400,000 reports of sexual misconduct from 2017 to 2022 | Uber only disclosed 12,522 serious sexual assaults during the same period.",technology,technology,209,"Uber received 400,000 reports of sexual misconduct from 2017 to 2022 | Uber only disclosed 12,522 serious sexual assaults during the same period."
Students have been called to the office — and even arrested — for AI surveillance false alarms,technology,technology,61,Students have been called to the office — and even arrested — for AI surveillance false alarms
"Trump says he plans to put a 100% tariff on computer chips, likely pushing up cost of electronics",technology,technology,3892,"Trump says he plans to put a 100% tariff on computer chips, likely pushing up cost of electronics"
Auto Industry Takes $12 Billion Hit From Trade War,technology,technology,191,Auto Industry Takes $12 Billion Hit From Trade War
"Australia Completely Loses The Plot, Plans To Ban Kids From Watching YouTube",technology,technology,311,"Australia Completely Loses The Plot, Plans To Ban Kids From Watching YouTube"
Apple's $100 billion investment has almost nothing to do with US iPhone manufacturing,technology,technology,191,Apple's $100 billion investment has almost nothing to do with US iPhone manufacturing
"Trump Cuts Kill The Corporation For Public Broadcasting, Harming All Of Us",technology,technology,22655,"Trump Cuts Kill The Corporation For Public Broadcasting, Harming All Of Us"
OpenAI’s new model can't believe that Trump is back in office,technology,technology,1849,OpenAI’s new model can't believe that Trump is back in office
Samsung rolls out 5‑day RTO tracking tool to curb 'coffee badging' for some US semiconductor staff,technology,technology,32,Samsung rolls out 5‑day RTO tracking tool to curb 'coffee badging' for some US semiconductor staff
Key sections of the US Constitution deleted from government’s website,technology,technology,6081,Key sections of the US Constitution deleted from government’s website
Universal Adds ‘No AI Training’ Warning to Movies,technology,technology,1451,Universal Adds ‘No AI Training’ Warning to Movies
"On April 2, 2025, President Trump declared “Liberation Day,” announcing broad tariffs to reduce trade deficits and revive US industry. A study finds that reciprocal retaliation results in net welfare losses for the US economy. Under optimal foreign retaliation, US welfare declines by up to 3.38%.",science,science,1941,"On April 2, 2025, President Trump declared “Liberation Day,” announcing broad tariffs to reduce trade deficits and revive US industry. A study finds that reciprocal retaliation results in net welfare losses for the US economy. Under optimal foreign retaliation, US welfare declines by up to 3.38%."
"Eating three servings of French fries a week is associated with a 20% increased risk of developing type 2 diabetes, but eating similar amounts of potatoes cooked in other ways – boiled, baked or mashed – does not substantially increase the risk",science,science,2058,"Eating three servings of French fries a week is associated with a 20% increased risk of developing type 2 diabetes, but eating similar amounts of potatoes cooked in other ways – boiled, baked or mashed – does not substantially increase the risk"
Scientists developed new mRNA vaccine – based on similar technology used for some COVID-19 vaccines – to block the malaria parasite fertilization process. The result: a 99.7% drop in the rate of transmission of the malaria-causing parasite recorded in preclinical studies.,science,science,8898,Scientists developed new mRNA vaccine – based on similar technology used for some COVID-19 vaccines – to block the malaria parasite fertilization process. The result: a 99.7% drop in the rate of transmission of the malaria-causing parasite recorded in preclinical studies.
"TRAP laws (""Targeted Regulation of Abortion Providers""), implemented by Republicans in 24 states after the 1992 Planned Parenthood v. Casey ruling, are associated with a substantial decline in OB-GYNS, contributing to a worsening in women’s access to health care.",science,science,2590,"TRAP laws (""Targeted Regulation of Abortion Providers""), implemented by Republicans in 24 states after the 1992 Planned Parenthood v. Casey ruling, are associated with a substantial decline in OB-GYNS, contributing to a worsening in women’s access to health care."
"New study suggests that people who frequently watch pornography or engage in other solitary sexual activities may react differently to sexual cues. Even though they still find erotic images pleasant, their bodies show weaker signs of arousal when something signals that sexual content is coming.",science,science,1636,"New study suggests that people who frequently watch pornography or engage in other solitary sexual activities may react differently to sexual cues. Even though they still find erotic images pleasant, their bodies show weaker signs of arousal when something signals that sexual content is coming."
"Why forgiving yourself is harder than it sounds. People who struggled to forgive themselves often felt that the event was still fresh in their minds, even if it had happened years ago.

They described replaying the moment over and over, feeling stuck in the past, and struggling with intense emotions",science,science,590,"Why forgiving yourself is harder than it sounds. People who struggled to forgive themselves often felt that the event was still fresh in their minds, even if it had happened years ago.

They described replaying the moment over and over, feeling stuck in the past, and struggling with intense emotions"
"Black holes could be one of the best laboratories for testing the theory of general relativity. In a new paper, astrophysicist Cosimo Bambi says it's time to start thinking about sending a spacecraft to study one.",science,science,1100,"Black holes could be one of the best laboratories for testing the theory of general relativity. In a new paper, astrophysicist Cosimo Bambi says it's time to start thinking about sending a spacecraft to study one."
"Astronomers have discovered the most massive black hole yet – more than 10,000 times as massive as the supermassive black hole at the centre of the Milky Way, and around 36 billion times the mass of our sun.",science,science,643,"Astronomers have discovered the most massive black hole yet – more than 10,000 times as massive as the supermassive black hole at the centre of the Milky Way, and around 36 billion times the mass of our sun."
Verbal abuse in childhood has devastating impact on adult brain | The research highlights the need to treat verbal abuse as a serious public health issue that comes with enduring psychological consequences.,science,science,27926,Verbal abuse in childhood has devastating impact on adult brain | The research highlights the need to treat verbal abuse as a serious public health issue that comes with enduring psychological consequences.
"A form of vitamin B3 and an antioxidant found in green tea help brain cells eliminate damaged bits and boost energy levels, finds a new study in mice. This combination of natural compounds reduces protein plaques linked to Alzheimer’s disease in aging brains.",science,science,1315,"A form of vitamin B3 and an antioxidant found in green tea help brain cells eliminate damaged bits and boost energy levels, finds a new study in mice. This combination of natural compounds reduces protein plaques linked to Alzheimer’s disease in aging brains."
Worsening economic conditions fuel anti-immigrant conspiracy beliefs and support for violence,science,science,940,Worsening economic conditions fuel anti-immigrant conspiracy beliefs and support for violence
"A new study found heavy metals in all dog drinking water samples tested across 10 US states, some above safe limits. Dogs may help flag risks to human health too.",science,science,655,"A new study found heavy metals in all dog drinking water samples tested across 10 US states, some above safe limits. Dogs may help flag risks to human health too."
"Ancient Europeans resisted inequality for 5000 years | Science. In the Carpathian Basin, house sizes and grave goods suggest societies remained remarkably egalitarian for 5000 years, hinting that people developed social and political strategies that helped them resist inequality.",science,science,55,"Ancient Europeans resisted inequality for 5000 years | Science. In the Carpathian Basin, house sizes and grave goods suggest societies remained remarkably egalitarian for 5000 years, hinting that people developed social and political strategies that helped them resist inequality."
"Study describes potential Alzheimer’s treatment using insulin delivered by simple nasal spray that reaches 11 key memory‑related brain regions in older adults. Uptake differed between cognitively normal individuals & those with mild cognitive impairment, and varied by vascular health & tau levels",science,science,110,"Study describes potential Alzheimer’s treatment using insulin delivered by simple nasal spray that reaches 11 key memory‑related brain regions in older adults. Uptake differed between cognitively normal individuals & those with mild cognitive impairment, and varied by vascular health & tau levels"
"Primates—the group of animals that includes monkeys, apes and humans—first evolved in cold, seasonal climates around 66 million years ago, not in the warm tropical forests scientists previously believed.",science,science,377,"Primates—the group of animals that includes monkeys, apes and humans—first evolved in cold, seasonal climates around 66 million years ago, not in the warm tropical forests scientists previously believed."
"Researchers have come up with a cheap and efficient way to use sunlight to recover ammonia, the main ingredient in nitrogen fertilizer, from wastewater. The new setup could offer farmers a cheaper source of plant nutrients while also helping clean up farm runoff and industrial wastewater.",science,science,32,"Researchers have come up with a cheap and efficient way to use sunlight to recover ammonia, the main ingredient in nitrogen fertilizer, from wastewater. The new setup could offer farmers a cheaper source of plant nutrients while also helping clean up farm runoff and industrial wastewater."
Scientists used eye tracking and AI to identify the exact moments in an educational video that students are learning. They could also predict how much children understood from the video based on their eye movements while they were watching it.,science,science,190,Scientists used eye tracking and AI to identify the exact moments in an educational video that students are learning. They could also predict how much children understood from the video based on their eye movements while they were watching it.
"New Study Raises Questions About How Ozempic Affects Muscle Size and Strength | New research in mice suggests that muscle mass changes less than expected, but muscles may still get weaker.",science,science,45,"New Study Raises Questions About How Ozempic Affects Muscle Size and Strength | New research in mice suggests that muscle mass changes less than expected, but muscles may still get weaker."
"Eco-driving could massively cut emissions. Slowing vehicles to ease intersection traffic can reduce CO₂ by 11–22%, and if just 10% of cars used this technology, it could still deliver 25–50% of the total savings, according to new research.",science,science,14,"Eco-driving could massively cut emissions. Slowing vehicles to ease intersection traffic can reduce CO₂ by 11–22%, and if just 10% of cars used this technology, it could still deliver 25–50% of the total savings, according to new research."
"Narcissists report high emotional intelligence but perform worse on objective tests, suggests a new study.",science,science,3022,"Narcissists report high emotional intelligence but perform worse on objective tests, suggests a new study."
"The eye of the apple snail is unusually similar to a human eye but, unlike human eyes, it can regrow itself if injured or even amputated. The snail has potential as a model organism to study eye regeneration, and better understand conditions such as macular degeneration.",science,science,472,"The eye of the apple snail is unusually similar to a human eye but, unlike human eyes, it can regrow itself if injured or even amputated. The snail has potential as a model organism to study eye regeneration, and better understand conditions such as macular degeneration."
A new study shows human-driven warming has pushed California’s wildfire season earlier by up to 46 days since 1992 and it is expected to keep shifting.,science,science,97,A new study shows human-driven warming has pushed California’s wildfire season earlier by up to 46 days since 1992 and it is expected to keep shifting.
"International community must reverse cuts to Rohingya humanitarian aid, study says. Both “impossible choices” for the Rohingya – a return to Myanmar where they are met with intense repression or remaining in refugee camps – amount to “social death”, the analysis says.",science,science,8,"International community must reverse cuts to Rohingya humanitarian aid, study says. Both “impossible choices” for the Rohingya – a return to Myanmar where they are met with intense repression or remaining in refugee camps – amount to “social death”, the analysis says."
Using portable high-efficiency particulate air (HEPA) purifiers at home can significantly lower systolic blood pressure (SBP) in adults with elevated baseline readings — even in areas with relatively low overall air pollution levels,science,science,1506,Using portable high-efficiency particulate air (HEPA) purifiers at home can significantly lower systolic blood pressure (SBP) in adults with elevated baseline readings — even in areas with relatively low overall air pollution levels
More than half of the calories Americans consume come from ultra-processed foods that studies have increasingly linked to health problems. Youth consume more calories from the products than adults do — nearly 62 percent compared with 53 percent,science,science,125,More than half of the calories Americans consume come from ultra-processed foods that studies have increasingly linked to health problems. Youth consume more calories from the products than adults do — nearly 62 percent compared with 53 percent
Late adolescents entering college intending a career as police officers hold more right-leaning views than their peers,science,science,861,Late adolescents entering college intending a career as police officers hold more right-leaning views than their peers
A new study found that LLMs like ChatGPT fell for fake clinical details 50–82% of the time. Even the best prompts could not stop all hallucinations. Clinical use still needs strong safeguards.,science,science,3761,A new study found that LLMs like ChatGPT fell for fake clinical details 50–82% of the time. Even the best prompts could not stop all hallucinations. Clinical use still needs strong safeguards.
"A new study found that when people wait in line, breath clouds can linger due to hidden air currents, especially at certain temperatures. Distance alone may not cut it.",science,science,53,"A new study found that when people wait in line, breath clouds can linger due to hidden air currents, especially at certain temperatures. Distance alone may not cut it."
"Cicadas coordinate their morning choruses with precision, timing their singing to a specific level of light during the pre-dawn hours | Researchers have found that these insects begin their loud daily serenades when the sun is precisely 3.8 degrees below the horizon",science,science,68,"Cicadas coordinate their morning choruses with precision, timing their singing to a specific level of light during the pre-dawn hours | Researchers have found that these insects begin their loud daily serenades when the sun is precisely 3.8 degrees below the horizon"
"""This...assessment suggests that with careful prompt engineering, the Operator tool (or a similar tool) would be capable of assuming the role of a crowdsourced worker and completing studies as they become available. Widespread occurrence of this phenomenon would represent a threat to data validity.""",science,science,24,"""This...assessment suggests that with careful prompt engineering, the Operator tool (or a similar tool) would be capable of assuming the role of a crowdsourced worker and completing studies as they become available. Widespread occurrence of this phenomenon would represent a threat to data validity."""
Global study found that willingness to consider someone as a long-term partner dropped sharply as past partner numbers increased. The effect was strongest between 4 and 12. There was no evidence of a sexual double standard. People were more accepting if new sexual encounters decreased over time.,science,science,7991,Global study found that willingness to consider someone as a long-term partner dropped sharply as past partner numbers increased. The effect was strongest between 4 and 12. There was no evidence of a sexual double standard. People were more accepting if new sexual encounters decreased over time.
Meta-analysis shows a positive correlation between Problematic Social Media Use and ADHD.,science,science,59,Meta-analysis shows a positive correlation between Problematic Social Media Use and ADHD.
Single-photon detection enabled by negative differential conductivity in moiré superlattices | Science,science,science,12,Single-photon detection enabled by negative differential conductivity in moiré superlattices | Science
"A new study shows our brains are tuned to recognise style, like Monet’s brushstrokes, separately from content. Style is not just art, it is perception.",science,science,37,"A new study shows our brains are tuned to recognise style, like Monet’s brushstrokes, separately from content. Style is not just art, it is perception."
"A new study in mice shows that neutrophils drive tuberculosis pathology even at late timepoints, which has therapeutic relevance",science,science,10,"A new study in mice shows that neutrophils drive tuberculosis pathology even at late timepoints, which has therapeutic relevance"
"People with high autistic traits differ from their neurotypical peers in what they find attractive in human faces. They tend to show a stronger preference for masculine features, especially in female faces. For those with high autistic traits, attraction may not hinge on mainstream ideals of beauty.",science,science,2043,"People with high autistic traits differ from their neurotypical peers in what they find attractive in human faces. They tend to show a stronger preference for masculine features, especially in female faces. For those with high autistic traits, attraction may not hinge on mainstream ideals of beauty."
Personalized machine‑learning model accurately predicts no‑shows and late cancellations in primary care,science,science,7,Personalized machine‑learning model accurately predicts no‑shows and late cancellations in primary care
"Scientists have revealed how microalgae optimize light absorption to enhance photosynthesis. This natural mechanism could advance light detectors, bio- and chemical sensors, UV protection, solar cells, right up to artificial photosynthesis systems using CO2 and water to make fuel",science,science,58,"Scientists have revealed how microalgae optimize light absorption to enhance photosynthesis. This natural mechanism could advance light detectors, bio- and chemical sensors, UV protection, solar cells, right up to artificial photosynthesis systems using CO2 and water to make fuel"
"Cockatoos that feel the beat perform 30 distinct dance moves, study shows",science,science,179,"Cockatoos that feel the beat perform 30 distinct dance moves, study shows"
"With just a few messages, biased AI chatbots swayed people’s political views. Research found participants who had higher self-reported knowledge about AI shifted their views less significantly — suggesting that education about these systems may help mitigate how much chatbots manipulate people",science,science,363,"With just a few messages, biased AI chatbots swayed people’s political views. Research found participants who had higher self-reported knowledge about AI shifted their views less significantly — suggesting that education about these systems may help mitigate how much chatbots manipulate people"
Friendly reminder that we still haven't gotten the doom eternal ost officially released,gaming,gaming,3525,Friendly reminder that we still haven't gotten the doom eternal ost officially released
"Nintendo forces Japanese charity speedrun event to pull its games from the lineup after claiming ""unauthorized use,"" now organizers have to ask permission for every single game in the future",gaming,gaming,16927,"Nintendo forces Japanese charity speedrun event to pull its games from the lineup after claiming ""unauthorized use,"" now organizers have to ask permission for every single game in the future"
Battlefield 6 Open Beta Is Off To A Very Hot Start (Over 300k players) Amid Some Server Hiccups,gaming,gaming,3520,Battlefield 6 Open Beta Is Off To A Very Hot Start (Over 300k players) Amid Some Server Hiccups
"Following Concord's historic failure, Sony admits its live-service push is ""not entirely going smoothly”",gaming,gaming,4107,"Following Concord's historic failure, Sony admits its live-service push is ""not entirely going smoothly”"
Jason Schreier- Xbox cancels Contraband This was another game that was announced ages ago and went MIA for years. It's the game from avalanche (just cause).,gaming,gaming,905,Jason Schreier- Xbox cancels Contraband
Take-Two Boss on ‘GTA 6’ Pricing: ‘Our Goal Always Is to Deliver More Value Than What We Charge’,gaming,gaming,448,Take-Two Boss on ‘GTA 6’ Pricing: ‘Our Goal Always Is to Deliver More Value Than What We Charge’
"After Sony’s 'Horizon' Knock-Off Lawsuit Against Tencent, Light of Motiram Dev Scrubs Store Page, Changing Game Description, Images, and Key Art",gaming,gaming,234,"After Sony’s 'Horizon' Knock-Off Lawsuit Against Tencent, Light of Motiram Dev Scrubs Store Page, Changing Game Description, Images, and Key Art"
"A game should not require NG+ to be great I’m making my way through FF7 remake (not rebirth). It’s a good game but god am I just ready for it to end. And all the discussion I see on it is “the game gets really good once you’ve beaten the whole thing and do new game plus, aka hard mode”. I don’t like this game enough to want to do hard mode tbh nor do I think it’s fair to say a game is true great only once you’ve beaten it. Nor do I find upping the difficulty to be particularly rewarding with most games, just frustrating. (Obviously this",gaming,gaming,112,A game should not require NG+ to be great
Mafia: The Old Country Releases to 79/100 on Critic Reviews Worldwide,gaming,gaming,598,Mafia: The Old Country Releases to 79/100 on Critic Reviews Worldwide
"Skipping tutorials is the new  not asking for directions That’s all, just a gaming shower thought. ",gaming,gaming,201,Skipping tutorials is the new  not asking for directions
"Sony CFO says Marathon is expected to release before March, and Bungie’s independence is ‘getting lighter’ | VGC",gaming,gaming,410,"Sony CFO says Marathon is expected to release before March, and Bungie’s independence is ‘getting lighter’ | VGC"
"We made a game about a duck astronaut stranded in a cozy galaxy! Our cozy game Duck Side of the Moon just launched its free demo on Steam!

We're a team of 6 friends and we've spent the last 2 years working on our dream game.  
  
This a really exciting time for us and we hope you love it :)",gaming,gaming,143,We made a game about a duck astronaut stranded in a cozy galaxy!
Terminator 2D: No Fate - New trailer It's looking good. Definitely keen to have a crack at this once it comes out. ,gaming,gaming,145,Terminator 2D: No Fate - New trailer
Guitar Hero veterans form rhythm game development studio RedOctane Games,gaming,gaming,259,Guitar Hero veterans form rhythm game development studio RedOctane Games
"Censorship never stops at porn - slope is getting slippery Here we go. As many have said: this isn’t about porn. It won’t stop there. This is about censorship full stop, and without continuing pushback we will lose a lot more.

https://thisweekinvideogames.com/news/zoom-platform-games-payment-processor-rules-could-lead-to-further-delistings/

In Brief:

- DRM-free games marketplace ZOOM Platform has issued a statement claiming payment processors have expressed concern about its content

- A ZOOM Platform employee told GamingOnLinux that a broader range ",gaming,gaming,34514,Censorship never stops at porn - slope is getting slippery
Every time I see a dog in public,gaming,gaming,145,Every time I see a dog in public
PS5 Has Sold 80 Million Units,gaming,gaming,165,PS5 Has Sold 80 Million Units
"I LOVE those ""blink and you miss it"" type of silly morsels in videogames I cackled when I saw it. (Revenge of the Savage Planet)",gaming,gaming,93,"I LOVE those ""blink and you miss it"" type of silly morsels in videogames"
Deus Ex Lead Does Not Want You To Steal His Voice For A Cyberpunk 2077 Mod,gaming,gaming,5310,Deus Ex Lead Does Not Want You To Steal His Voice For A Cyberpunk 2077 Mod
I got 100% in OG Spider-Man 2,gaming,gaming,2345,I got 100% in OG Spider-Man 2
Sons of the Forest customs compared to their in-game models,gaming,gaming,5826,Sons of the Forest customs compared to their in-game models
My copy came in early (Mafia),gaming,gaming,900,My copy came in early (Mafia)
"What's your best ""I'm still standing"" moment in gaming? Could have been any time you fight till your last breath or beaten waves upon waves of enemies without cracking. Anything that you think would make you think of the famous Elton John Song as you were playing.",gaming,gaming,173,"What's your best ""I'm still standing"" moment in gaming?"
"Since BF3, I've grown old and have back pain But the BF6 early access already has me grinning and kickin my feet remembering the good ol' days ",gaming,gaming,60,"Since BF3, I've grown old and have back pain"
Helldivers 2 CEO implores fans to “send your thanks” to PlayStation for unprecedented Xbox release,gaming,gaming,2739,Helldivers 2 CEO implores fans to “send your thanks” to PlayStation for unprecedented Xbox release
"The Best Boss music! Gooooood morning gamers! 

Was thinking on my way to work today.. I wonder what everyone's favorite Boss music is, could be End Boss or even just a boss.

I'm an older gamer so I'd have to go with the following, because quite frankly.. I haven't finished a game in a long ass time, or play games where there are no endings? If that makes sense. 

Final Fantasy 4- Battle with the four Fiends and The Final Battle

Final Fantasy 6- Battle to the Death (Atma Weapon Fight), As well the The final battle",gaming,gaming,23,The Best Boss music!
Mounted a curated selection of my switch games on the wall,gaming,gaming,356,Mounted a curated selection of my switch games on the wall
"Heat(dot)net.Who remembers it? Was just thinking about some of the early multiplayer days with my buddies, and remebered Heat.net (it is a Miami HVAC company now, don't ddos it) 

Who else remembers those old days? Ever get enough points to buy a game?",gaming,gaming,4,Heat(dot)net.Who remembers it?
"Sniper Elite 4 - The dude glitched out and climbed up into the heavens Here is 42+ minutes of Ewald Lehr glitching out, ignoring the physics of a ladder, and climbing up into the heavens. I made it to about 2100m before my binoculars could no longer see him and that was it.

Some say he is still up there climbing. 

Feel free to watch the entire 42m climb! Long live Ewald!",gaming,gaming,7,Sniper Elite 4 - The dude glitched out and climbed up into the heavens
Horror Game Fans Are Eating Good The Genre Is Getting A Crazy Resurgance,gaming,gaming,1154,Horror Game Fans Are Eating Good The Genre Is Getting A Crazy Resurgance
"Suikoden: The Anime was made using Konami’s game technology, with anime staff receiving advice from the dev team - AUTOMATON WEST",gaming,gaming,93,"Suikoden: The Anime was made using Konami’s game technology, with anime staff receiving advice from the dev team - AUTOMATON WEST"
Games like Human Fall Flat to play drunkenly with your SO?,gaming,gaming,0,Games like Human Fall Flat to play drunkenly with your SO?
"Designing a Madness Meter for Our Game — Which One Looks Best? My team and I are currently working on a game S.E.M.I (*Side Effects May Include*), and wed love your help with something fun.

We are designing a Madness meter - a visual way to show your character’s descent into total chaos — and we have mocked up 11 different versions (see image).

Which one grabs you the most? What would make you say “yep, that’s madness”?

Feel free to comment your favorite (1 to 11), or tell us what you’d change! Thanks a ton! Your feedback genuinely helps us make the game",gaming,gaming,8,Designing a Madness Meter for Our Game — Which One Looks Best?
"I was able to mod RDR2 to track 1:1 with my cellphone, thus putting me inside the game in 3D space",gaming,gaming,10301,"I was able to mod RDR2 to track 1:1 with my cellphone, thus putting me inside the game in 3D space"
"Peak developers would rather you pirate its game than play Roblox ""microtransaction-riddled ripoff slop"" The team behind indie hit Peak would rather its community pirate its own game, than play a ""microtransaction-riddled"" ripoff that has appeared on Roblox",gaming,gaming,14345,"Peak developers would rather you pirate its game than play Roblox ""microtransaction-riddled ripoff slop"""
Time for a trip down memory lane.,gaming,gaming,668,Time for a trip down memory lane.
"Final Fantasy/Magic themed frame i made I've always loved Final fantasy games and wanted to share this. This is the 1st time I've collected MTG cards. I haven't put the rarest ones in. Just the ones that mean the most/or I like, when I think of each game. I have to do a 2nd frame with the rest of the series/creatures. Apart from the cards. It cost around £9 for the frame (IKEA), £4 for black poster paper (The Range) I lined them up by hand so far from perfect but I'm happy with it and I'm looking forward to doing another.",gaming,gaming,91,Final Fantasy/Magic themed frame i made
"Sniper Elite 4 glitch made this guy climb forever… so I shot him at 200m. In Sniper Elite 4, I reloaded a quicksave and this one enemy just started climbing a ladder… and never stopped. 

He reached over 200 meters before I finally ended it with a shot. 

Here's a full 42-minute version where I let him climb to over 2,800 meters before finally giving up: [https://youtu.be/euB0Az2YIik](https://youtu.be/euB0Az2YIik) 

Some say Ewald's still climbing to this day...",gaming,gaming,20,Sniper Elite 4 glitch made this guy climb forever… so I shot him at 200m.
"Game with best fishing mini game? Which game has the best, enjoyable fishing mini game in it? ",gaming,gaming,10,Game with best fishing mini game?
"Baldur's Gate 3 Actor Thinks Video Game Performers Are Being ""Slept On"" In Film And TV Adaptations",gaming,gaming,6087,"Baldur's Gate 3 Actor Thinks Video Game Performers Are Being ""Slept On"" In Film And TV Adaptations"
Treasury Secretary Admits Trump’s Tariffs Are Paid by Americans,politics,politics,16931,Treasury Secretary Admits Trump’s Tariffs Are Paid by Americans
Trump Official Caught in Bombshell January 6 Tape Urging Cop Murder,politics,politics,7729,Trump Official Caught in Bombshell January 6 Tape Urging Cop Murder
DOJ Has Lost So Many Lawyers It Might Not Have Enough Left To Help Trump Destroy America,politics,politics,9163,DOJ Has Lost So Many Lawyers It Might Not Have Enough Left To Help Trump Destroy America
Air Force to deny retirement pay to transgender service members kicked out by Trump. The Air Force had previously said trans service members being purged from the military by Trump would be able to keep the benefits.,politics,politics,4950,Air Force to deny retirement pay to transgender service members kicked out by Trump. The Air Force had previously said trans service members being purged from the military by Trump would be able to keep the benefits.
"California, New York signal they’re moving forward with redistricting",politics,politics,15935,"California, New York signal they’re moving forward with redistricting"
'She is a monster': Survivors warn Trump is dealing with Epstein's 'puppet master',politics,politics,4516,'She is a monster': Survivors warn Trump is dealing with Epstein's 'puppet master'
Trump Rants About Countries Laughing at America in All-Caps Late-Night Meltdown,politics,politics,17093,Trump Rants About Countries Laughing at America in All-Caps Late-Night Meltdown
Federal judge bars Arkansas public schools from displaying the Ten Commandments. The federal judge called the law 'obviously unconstitutional' and said passing it was likely part of a coordinated strategy to inject Christian religious doctrine into public schools.,politics,politics,1790,Federal judge bars Arkansas public schools from displaying the Ten Commandments. The federal judge called the law 'obviously unconstitutional' and said passing it was likely part of a coordinated strategy to inject Christian religious doctrine into public schools.
“Bullsh*t”: Trump and JD Vance Snap Over Epstein Cover-Up Meeting,politics,politics,6776,“Bullsh*t”: Trump and JD Vance Snap Over Epstein Cover-Up Meeting
Video shows Department of Justice official urging Jan. 6 rioters to 'kill' cops,politics,politics,19553,Video shows Department of Justice official urging Jan. 6 rioters to 'kill' cops
ICE Traps Congressional Democrats Trying to Visit Detention Center,politics,politics,8192,ICE Traps Congressional Democrats Trying to Visit Detention Center
Trump's handling of Epstein case gets low marks as voters blame him for hiding information,politics,politics,1119,Trump's handling of Epstein case gets low marks as voters blame him for hiding information
"Trump, 79, Fails to Find People Standing Feet Away From Him: ‘Right Behind You’",politics,politics,2669,"Trump, 79, Fails to Find People Standing Feet Away From Him: ‘Right Behind You’"
"President Trump floats military use at L.A. Olympics, says there will be sex testing",politics,politics,3547,"President Trump floats military use at L.A. Olympics, says there will be sex testing"
Lawrence: As long as Trump is alive he should face questions about Epstein and Ghislaine Maxwell,politics,politics,5910,Lawrence: As long as Trump is alive he should face questions about Epstein and Ghislaine Maxwell
Chris Cuomo mocked for response after falling for deepfake AOC video,politics,politics,3225,Chris Cuomo mocked for response after falling for deepfake AOC video
"He told Jan 6 rioters to ‘kill’ cops. After Trump’s pardon, he got hired at the Justice Department",politics,politics,1276,"He told Jan 6 rioters to ‘kill’ cops. After Trump’s pardon, he got hired at the Justice Department"
Miss USA accuses Florida congressman of revenge porn threat,politics,politics,1968,Miss USA accuses Florida congressman of revenge porn threat
US Air Force to deny retirement pay to transgender service members being separated from the service,politics,politics,902,US Air Force to deny retirement pay to transgender service members being separated from the service
The Epstein ‘Client List’ Will Never Go Away,politics,politics,1598,The Epstein ‘Client List’ Will Never Go Away
‘Just do it': Epstein accuser calls for release of files,politics,politics,3442,‘Just do it': Epstein accuser calls for release of files
The Texas Gerrymandering Fight Could Ignite a National Fire,politics,politics,1114,The Texas Gerrymandering Fight Could Ignite a National Fire
Horror Allegations of Beatings and Gropings Emerge From Alligator Alcatraz,politics,politics,853,Horror Allegations of Beatings and Gropings Emerge From Alligator Alcatraz
Why Trump Can't Make the Epstein Story Kill Itself,politics,politics,1082,Why Trump Can't Make the Epstein Story Kill Itself
"Carville: Democrats have to add states, expand Supreme Court to ‘save democracy’",politics,politics,363,"Carville: Democrats have to add states, expand Supreme Court to ‘save democracy’"
JD Vance Ordered a River’s Water Level Raised for His Family Boat Trip,politics,politics,6563,JD Vance Ordered a River’s Water Level Raised for His Family Boat Trip
Marjorie Taylor Greene takes shot at Fox News viewers for being too old: ‘They are not the future of America’,politics,politics,1865,Marjorie Taylor Greene takes shot at Fox News viewers for being too old: ‘They are not the future of America’
"Pressed for evidence on her conspiracy theories, Gabbard falls embarrassingly short",politics,politics,366,"Pressed for evidence on her conspiracy theories, Gabbard falls embarrassingly short"
New detail blows huge hole in Trump’s story about Epstein friendship. Donald Trump said he ended the friendship in 2004. But that doesn’t appear to be the case.,politics,politics,1446,New detail blows huge hole in Trump’s story about Epstein friendship. Donald Trump said he ended the friendship in 2004. But that doesn’t appear to be the case.
Rep. Nancy Mace says she'll 'debate anyone' at a town hall where opponents were asked to leave,politics,politics,887,Rep. Nancy Mace says she'll 'debate anyone' at a town hall where opponents were asked to leave
Top Trump officials discussed Epstein at White House meeting Wednesday night,politics,politics,528,Top Trump officials discussed Epstein at White House meeting Wednesday night
"Massachusetts City To Divest From Israel, Rejecting Trump's Threat Of Retaliation",politics,politics,1974,"Massachusetts City To Divest From Israel, Rejecting Trump's Threat Of Retaliation"
Illinois is the first state to ban AI therapists,politics,politics,241,Illinois is the first state to ban AI therapists
Trump Twists the Knife as Howard Stern Cancellation Rumors Swirl,politics,politics,4507,Trump Twists the Knife as Howard Stern Cancellation Rumors Swirl
Hegseth attended service at church of ‘Christian nationalist’ pastor who doesn’t think women should vote and wants US to be theocracy,politics,politics,207,Hegseth attended service at church of ‘Christian nationalist’ pastor who doesn’t think women should vote and wants US to be theocracy
Welcome to the Era of Big Stupid in America,politics,politics,522,Welcome to the Era of Big Stupid in America
Democrats sound alarm over Trump’s reported $1bn plan to retrofit gifted Qatari jet,politics,politics,2198,Democrats sound alarm over Trump’s reported $1bn plan to retrofit gifted Qatari jet
The Texas Democratic Walkout Is a Strong Opening Move,politics,politics,1477,The Texas Democratic Walkout Is a Strong Opening Move
"Spectators boo right-wing troll’s transphobic speech in Texas Senate. Self-described ""comedian"" Alex Stein mocked trans suicides and repeated right-wing lies that encourage transphobic violence.",politics,politics,420,"Spectators boo right-wing troll’s transphobic speech in Texas Senate. Self-described ""comedian"" Alex Stein mocked trans suicides and repeated right-wing lies that encourage transphobic violence."
"Trump’s tariffs are now in place. Alcohol, a cup of joe and Toyotas are about to cost a whole lot more",politics,politics,201,"Trump’s tariffs are now in place. Alcohol, a cup of joe and Toyotas are about to cost a whole lot more"
"Rant Wednesday - August 06, 2025 Welcome to Rant Wednesday: It’s your time to let your gym/fitness/nutrition related frustrations out!

There is no guiding question to help stir up some rage-feels, feel free to fire at will, ranting about anything and everything that’s been pissing you off or getting on your nerves. Just don't forget that other people are allowed to tell you that your rant is stupid.",fitness,fitness,46,"Rant Wednesday - August 06, 2025"
"Daily Simple Questions Thread - August 06, 2025 Welcome to the [/r/Fitness](https://old.reddit.com/r/Fitness) Daily Simple Questions Thread - Our daily thread to ask about all things fitness. Post your questions here related to your diet and nutrition or your training routine and exercises. Anyone can post a question and the community as a whole is invited and encouraged to provide an answer.

# As always, be sure to [read the wiki](https://thefitness.wiki/) first. Like, all of it. Rule #0 still applies in this thread.

Also, there's a [handy",fitness,fitness,8,"Daily Simple Questions Thread - August 06, 2025"
"Daily Simple Questions Thread - August 05, 2025 Welcome to the [/r/Fitness](https://old.reddit.com/r/Fitness) Daily Simple Questions Thread - Our daily thread to ask about all things fitness. Post your questions here related to your diet and nutrition or your training routine and exercises. Anyone can post a question and the community as a whole is invited and encouraged to provide an answer.

# As always, be sure to [read the wiki](https://thefitness.wiki/) first. Like, all of it. Rule #0 still applies in this thread.

Also, there's a [handy",fitness,fitness,25,"Daily Simple Questions Thread - August 05, 2025"
"Moronic Monday - Your weekly stupid questions thread Get your dunce hats out, Fittit, it's time for your weekly Stupid Questions Thread.

Post your question - stupid or otherwise - here to get an answer. Anyone can post a question and the community as a whole is invited and encouraged to provide an answer. Many questions get submitted late each week that don't get a lot of action, so if your question didn't get answered before, feel free to post it again.

###**As always, be sure to read the [FAQ](https://thefitness.wiki/faq/) first**.

Also, ther",fitness,fitness,22,Moronic Monday - Your weekly stupid questions thread
"Victory Sunday **Welcome to the Victory Sunday Thread**

It is Sunday, 6:00 am here in the eastern half of Hyder, Alaska. It's time to ask yourself: What was the one, best thing you did on behalf of your fitness this week? What was your Fitness Victory?

**We want to hear about it!**

**So let's hear your fitness Victory this week! Don't forget to upvote your favorite Victories!**",fitness,fitness,44,Victory Sunday
"Daily Simple Questions Thread - August 03, 2025 Welcome to the [/r/Fitness](https://old.reddit.com/r/Fitness) Daily Simple Questions Thread - Our daily thread to ask about all things fitness. Post your questions here related to your diet and nutrition or your training routine and exercises. Anyone can post a question and the community as a whole is invited and encouraged to provide an answer.

# As always, be sure to [read the wiki](https://thefitness.wiki/) first. Like, all of it. Rule #0 still applies in this thread.

Also, there's a [handy",fitness,fitness,18,"Daily Simple Questions Thread - August 03, 2025"
Gym Story Saturday Hi! Welcome to your weekly thread where you can share your gym tales!,fitness,fitness,49,Gym Story Saturday
"Daily Simple Questions Thread - August 02, 2025 Welcome to the [/r/Fitness](https://old.reddit.com/r/Fitness) Daily Simple Questions Thread - Our daily thread to ask about all things fitness. Post your questions here related to your diet and nutrition or your training routine and exercises. Anyone can post a question and the community as a whole is invited and encouraged to provide an answer.

# As always, be sure to [read the wiki](https://thefitness.wiki/) first. Like, all of it. Rule #0 still applies in this thread.

Also, there's a [handy",fitness,fitness,13,"Daily Simple Questions Thread - August 02, 2025"
"Physique Phriday **Welcome to the Physique Phriday thread**

What's the point of having people guess your body fat? Nevermind that it's the most inaccurate method available, (read: most likely way wrong - [see here](http://web.archive.org/web/20130301185720/https://paindatabase.com/body-fat/)) you're still just putting an arbitrary number to the body you have. Despite people's claim that they are shooting for a number, they're really shooting for look - like a six pack.

So let's stopping mucking around with tri",fitness,fitness,32,Physique Phriday
"Monthly Recipes Megathread **Welcome to the Monthly Recipes Megathread**
        
Have an awesome recipe that's helped you meet your macros without wanting to throw up or die of boredom? Share it here!",fitness,fitness,16,Monthly Recipes Megathread
"Daily Simple Questions Thread - August 01, 2025 Welcome to the [/r/Fitness](https://old.reddit.com/r/Fitness) Daily Simple Questions Thread - Our daily thread to ask about all things fitness. Post your questions here related to your diet and nutrition or your training routine and exercises. Anyone can post a question and the community as a whole is invited and encouraged to provide an answer.

# As always, be sure to [read the wiki](https://thefitness.wiki/) first. Like, all of it. Rule #0 still applies in this thread.

Also, there's a [handy",fitness,fitness,8,"Daily Simple Questions Thread - August 01, 2025"
"Daily Simple Questions Thread - July 31, 2025 Welcome to the [/r/Fitness](https://old.reddit.com/r/Fitness) Daily Simple Questions Thread - Our daily thread to ask about all things fitness. Post your questions here related to your diet and nutrition or your training routine and exercises. Anyone can post a question and the community as a whole is invited and encouraged to provide an answer.

# As always, be sure to [read the wiki](https://thefitness.wiki/) first. Like, all of it. Rule #0 still applies in this thread.

Also, there's a [handy",fitness,fitness,33,"Daily Simple Questions Thread - July 31, 2025"
"Rant Wednesday - July 30, 2025 Welcome to Rant Wednesday: It’s your time to let your gym/fitness/nutrition related frustrations out!

There is no guiding question to help stir up some rage-feels, feel free to fire at will, ranting about anything and everything that’s been pissing you off or getting on your nerves. Just don't forget that other people are allowed to tell you that your rant is stupid.",fitness,fitness,54,"Rant Wednesday - July 30, 2025"
"Daily Simple Questions Thread - July 30, 2025 Welcome to the [/r/Fitness](https://old.reddit.com/r/Fitness) Daily Simple Questions Thread - Our daily thread to ask about all things fitness. Post your questions here related to your diet and nutrition or your training routine and exercises. Anyone can post a question and the community as a whole is invited and encouraged to provide an answer.

# As always, be sure to [read the wiki](https://thefitness.wiki/) first. Like, all of it. Rule #0 still applies in this thread.

Also, there's a [handy",fitness,fitness,11,"Daily Simple Questions Thread - July 30, 2025"
"Daily Simple Questions Thread - July 29, 2025 Welcome to the [/r/Fitness](https://old.reddit.com/r/Fitness) Daily Simple Questions Thread - Our daily thread to ask about all things fitness. Post your questions here related to your diet and nutrition or your training routine and exercises. Anyone can post a question and the community as a whole is invited and encouraged to provide an answer.

# As always, be sure to [read the wiki](https://thefitness.wiki/) first. Like, all of it. Rule #0 still applies in this thread.

Also, there's a [handy",fitness,fitness,33,"Daily Simple Questions Thread - July 29, 2025"
"Moronic Monday - Your weekly stupid questions thread Get your dunce hats out, Fittit, it's time for your weekly Stupid Questions Thread.

Post your question - stupid or otherwise - here to get an answer. Anyone can post a question and the community as a whole is invited and encouraged to provide an answer. Many questions get submitted late each week that don't get a lot of action, so if your question didn't get answered before, feel free to post it again.

###**As always, be sure to read the [FAQ](https://thefitness.wiki/faq/) first**.

Also, ther",fitness,fitness,42,Moronic Monday - Your weekly stupid questions thread
"Victory Sunday **Welcome to the Victory Sunday Thread**

It is Sunday, 6:00 am here in the eastern half of Hyder, Alaska. It's time to ask yourself: What was the one, best thing you did on behalf of your fitness this week? What was your Fitness Victory?

**We want to hear about it!**

**So let's hear your fitness Victory this week! Don't forget to upvote your favorite Victories!**",fitness,fitness,44,Victory Sunday
"Daily Simple Questions Thread - July 27, 2025 Welcome to the [/r/Fitness](https://old.reddit.com/r/Fitness) Daily Simple Questions Thread - Our daily thread to ask about all things fitness. Post your questions here related to your diet and nutrition or your training routine and exercises. Anyone can post a question and the community as a whole is invited and encouraged to provide an answer.

# As always, be sure to [read the wiki](https://thefitness.wiki/) first. Like, all of it. Rule #0 still applies in this thread.

Also, there's a [handy",fitness,fitness,15,"Daily Simple Questions Thread - July 27, 2025"
Gym Story Saturday Hi! Welcome to your weekly thread where you can share your gym tales!,fitness,fitness,52,Gym Story Saturday
"Daily Simple Questions Thread - July 26, 2025 Welcome to the [/r/Fitness](https://old.reddit.com/r/Fitness) Daily Simple Questions Thread - Our daily thread to ask about all things fitness. Post your questions here related to your diet and nutrition or your training routine and exercises. Anyone can post a question and the community as a whole is invited and encouraged to provide an answer.

# As always, be sure to [read the wiki](https://thefitness.wiki/) first. Like, all of it. Rule #0 still applies in this thread.

Also, there's a [handy",fitness,fitness,17,"Daily Simple Questions Thread - July 26, 2025"
"Physique Phriday **Welcome to the Physique Phriday thread**

What's the point of having people guess your body fat? Nevermind that it's the most inaccurate method available, (read: most likely way wrong - [see here](http://web.archive.org/web/20130301185720/https://paindatabase.com/body-fat/)) you're still just putting an arbitrary number to the body you have. Despite people's claim that they are shooting for a number, they're really shooting for look - like a six pack.

So let's stopping mucking around with tri",fitness,fitness,53,Physique Phriday
"Daily Simple Questions Thread - July 25, 2025 Welcome to the [/r/Fitness](https://old.reddit.com/r/Fitness) Daily Simple Questions Thread - Our daily thread to ask about all things fitness. Post your questions here related to your diet and nutrition or your training routine and exercises. Anyone can post a question and the community as a whole is invited and encouraged to provide an answer.

# As always, be sure to [read the wiki](https://thefitness.wiki/) first. Like, all of it. Rule #0 still applies in this thread.

Also, there's a [handy",fitness,fitness,15,"Daily Simple Questions Thread - July 25, 2025"
"Daily Simple Questions Thread - July 24, 2025 Welcome to the [/r/Fitness](https://old.reddit.com/r/Fitness) Daily Simple Questions Thread - Our daily thread to ask about all things fitness. Post your questions here related to your diet and nutrition or your training routine and exercises. Anyone can post a question and the community as a whole is invited and encouraged to provide an answer.

# As always, be sure to [read the wiki](https://thefitness.wiki/) first. Like, all of it. Rule #0 still applies in this thread.

Also, there's a [handy",fitness,fitness,33,"Daily Simple Questions Thread - July 24, 2025"
"Rant Wednesday - July 23, 2025 Welcome to Rant Wednesday: It’s your time to let your gym/fitness/nutrition related frustrations out!

There is no guiding question to help stir up some rage-feels, feel free to fire at will, ranting about anything and everything that’s been pissing you off or getting on your nerves. Just don't forget that other people are allowed to tell you that your rant is stupid.",fitness,fitness,58,"Rant Wednesday - July 23, 2025"
"Daily Simple Questions Thread - July 23, 2025 Welcome to the [/r/Fitness](https://old.reddit.com/r/Fitness) Daily Simple Questions Thread - Our daily thread to ask about all things fitness. Post your questions here related to your diet and nutrition or your training routine and exercises. Anyone can post a question and the community as a whole is invited and encouraged to provide an answer.

# As always, be sure to [read the wiki](https://thefitness.wiki/) first. Like, all of it. Rule #0 still applies in this thread.

Also, there's a [handy",fitness,fitness,10,"Daily Simple Questions Thread - July 23, 2025"
"Daily Simple Questions Thread - July 22, 2025 Welcome to the [/r/Fitness](https://old.reddit.com/r/Fitness) Daily Simple Questions Thread - Our daily thread to ask about all things fitness. Post your questions here related to your diet and nutrition or your training routine and exercises. Anyone can post a question and the community as a whole is invited and encouraged to provide an answer.

# As always, be sure to [read the wiki](https://thefitness.wiki/) first. Like, all of it. Rule #0 still applies in this thread.

Also, there's a [handy",fitness,fitness,30,"Daily Simple Questions Thread - July 22, 2025"
"Moronic Monday - Your weekly stupid questions thread Get your dunce hats out, Fittit, it's time for your weekly Stupid Questions Thread.

Post your question - stupid or otherwise - here to get an answer. Anyone can post a question and the community as a whole is invited and encouraged to provide an answer. Many questions get submitted late each week that don't get a lot of action, so if your question didn't get answered before, feel free to post it again.

###**As always, be sure to read the [FAQ](https://thefitness.wiki/faq/) first**.

Also, ther",fitness,fitness,35,Moronic Monday - Your weekly stupid questions thread
"Victory Sunday **Welcome to the Victory Sunday Thread**

It is Sunday, 6:00 am here in the eastern half of Hyder, Alaska. It's time to ask yourself: What was the one, best thing you did on behalf of your fitness this week? What was your Fitness Victory?

**We want to hear about it!**

**So let's hear your fitness Victory this week! Don't forget to upvote your favorite Victories!**",fitness,fitness,35,Victory Sunday
"Daily Simple Questions Thread - July 20, 2025 Welcome to the [/r/Fitness](https://old.reddit.com/r/Fitness) Daily Simple Questions Thread - Our daily thread to ask about all things fitness. Post your questions here related to your diet and nutrition or your training routine and exercises. Anyone can post a question and the community as a whole is invited and encouraged to provide an answer.

# As always, be sure to [read the wiki](https://thefitness.wiki/) first. Like, all of it. Rule #0 still applies in this thread.

Also, there's a [handy",fitness,fitness,15,"Daily Simple Questions Thread - July 20, 2025"
Gym Story Saturday Hi! Welcome to your weekly thread where you can share your gym tales!,fitness,fitness,86,Gym Story Saturday
"Daily Simple Questions Thread - July 19, 2025 Welcome to the [/r/Fitness](https://old.reddit.com/r/Fitness) Daily Simple Questions Thread - Our daily thread to ask about all things fitness. Post your questions here related to your diet and nutrition or your training routine and exercises. Anyone can post a question and the community as a whole is invited and encouraged to provide an answer.

# As always, be sure to [read the wiki](https://thefitness.wiki/) first. Like, all of it. Rule #0 still applies in this thread.

Also, there's a [handy",fitness,fitness,5,"Daily Simple Questions Thread - July 19, 2025"
"Physique Phriday **Welcome to the Physique Phriday thread**

What's the point of having people guess your body fat? Nevermind that it's the most inaccurate method available, (read: most likely way wrong - [see here](http://web.archive.org/web/20130301185720/https://paindatabase.com/body-fat/)) you're still just putting an arbitrary number to the body you have. Despite people's claim that they are shooting for a number, they're really shooting for look - like a six pack.

So let's stopping mucking around with tri",fitness,fitness,50,Physique Phriday
"Daily Simple Questions Thread - July 18, 2025 Welcome to the [/r/Fitness](https://old.reddit.com/r/Fitness) Daily Simple Questions Thread - Our daily thread to ask about all things fitness. Post your questions here related to your diet and nutrition or your training routine and exercises. Anyone can post a question and the community as a whole is invited and encouraged to provide an answer.

# As always, be sure to [read the wiki](https://thefitness.wiki/) first. Like, all of it. Rule #0 still applies in this thread.

Also, there's a [handy",fitness,fitness,16,"Daily Simple Questions Thread - July 18, 2025"
"Daily Simple Questions Thread - July 17, 2025 Welcome to the [/r/Fitness](https://old.reddit.com/r/Fitness) Daily Simple Questions Thread - Our daily thread to ask about all things fitness. Post your questions here related to your diet and nutrition or your training routine and exercises. Anyone can post a question and the community as a whole is invited and encouraged to provide an answer.

# As always, be sure to [read the wiki](https://thefitness.wiki/) first. Like, all of it. Rule #0 still applies in this thread.

Also, there's a [handy",fitness,fitness,21,"Daily Simple Questions Thread - July 17, 2025"
"Rant Wednesday - July 16, 2025 Welcome to Rant Wednesday: It’s your time to let your gym/fitness/nutrition related frustrations out!

There is no guiding question to help stir up some rage-feels, feel free to fire at will, ranting about anything and everything that’s been pissing you off or getting on your nerves. Just don't forget that other people are allowed to tell you that your rant is stupid.",fitness,fitness,60,"Rant Wednesday - July 16, 2025"
"Daily Simple Questions Thread - July 16, 2025 Welcome to the [/r/Fitness](https://old.reddit.com/r/Fitness) Daily Simple Questions Thread - Our daily thread to ask about all things fitness. Post your questions here related to your diet and nutrition or your training routine and exercises. Anyone can post a question and the community as a whole is invited and encouraged to provide an answer.

# As always, be sure to [read the wiki](https://thefitness.wiki/) first. Like, all of it. Rule #0 still applies in this thread.

Also, there's a [handy",fitness,fitness,7,"Daily Simple Questions Thread - July 16, 2025"
"Monthly Fitness Pro-Tips Megathread **Welcome to the Monthly Fitness Pro-Tips Megathread!**

This thread is for sharing quick tips (don't you dare call them hacks, that word is stupid) about training, equipment use, nutrition, or other fitness connected topics that have improved your fitness experience.

This is **not** a questions thread. Do not ask for help or advice in here.",fitness,fitness,34,Monthly Fitness Pro-Tips Megathread
"Daily Simple Questions Thread - July 15, 2025 Welcome to the [/r/Fitness](https://old.reddit.com/r/Fitness) Daily Simple Questions Thread - Our daily thread to ask about all things fitness. Post your questions here related to your diet and nutrition or your training routine and exercises. Anyone can post a question and the community as a whole is invited and encouraged to provide an answer.

# As always, be sure to [read the wiki](https://thefitness.wiki/) first. Like, all of it. Rule #0 still applies in this thread.

Also, there's a [handy",fitness,fitness,12,"Daily Simple Questions Thread - July 15, 2025"
"Rant Wednesday - August 06, 2025 Welcome to Rant Wednesday: It’s your time to let your gym/fitness/nutrition related frustrations out!

There is no guiding question to help stir up some rage-feels, feel free to fire at will, ranting about anything and everything that’s been pissing you off or getting on your nerves. Just don't forget that other people are allowed to tell you that your rant is stupid.",fitness,fitness,47,"Rant Wednesday - August 06, 2025"
"Daily Simple Questions Thread - August 06, 2025 Welcome to the [/r/Fitness](https://old.reddit.com/r/Fitness) Daily Simple Questions Thread - Our daily thread to ask about all things fitness. Post your questions here related to your diet and nutrition or your training routine and exercises. Anyone can post a question and the community as a whole is invited and encouraged to provide an answer.

# As always, be sure to [read the wiki](https://thefitness.wiki/) first. Like, all of it. Rule #0 still applies in this thread.

Also, there's a [handy",fitness,fitness,10,"Daily Simple Questions Thread - August 06, 2025"
